"number","opened_at","short_description","caller_id","priority","state","category","assignment_group","assigned_to","sys_updated_on","sys_updated_by"
"INC0010089","2020-05-04 04:09:40","test","Andrew Och","2 - High","In Progress","Inquiry / Help","US Presidents Group 1","","2020-05-06 04:10:52","admin"
"INC0010088","2020-05-04 01:24:26","test","Andrew Och","2 - High","New","Inquiry / Help","Problem Solving","","2020-05-06 04:11:04","admin"
"INC0010087","2020-05-04 00:32:43","test sla","Abel Tuter","2 - High","New","Inquiry / Help","US Presidents Group 1","","2020-05-06 04:10:11","admin"
"INC0010086","2020-05-04 00:19:58","test ","Abel Tuter","2 - High","New","Inquiry / Help","Problem Solving","","2020-05-06 04:10:23","admin"
"INC0010085","2020-05-03 23:51:13","test","Abraham Lincoln","2 - High","New","Inquiry / Help","Software","","2020-05-06 04:10:44","admin"
"INC0010084","2020-04-28 00:32:21","test","Abel Tuter","5 - Planning","Closed","Inquiry / Help","HR Admin","","2020-05-06 04:10:35","admin"
"INC0010083","2020-04-23 03:34:21","test","Abel Tuter","5 - Planning","Closed","Inquiry / Help","","","2020-04-23 03:36:54","abel.tuter"
"INC0010082","2020-04-20 07:22:14","Test","Kalyan P","1 - Critical","In Progress","Inquiry / Help","Customer Service Support","","2020-05-06 22:27:33","system"
"INC0010081","2020-04-20 07:06:35","test 6789","Abel Tuter","1 - Critical","In Progress","Inquiry / Help","Customer Service Support","","2020-05-06 22:27:33","system"
"INC0010080","2020-04-20 07:03:14","test 1933","Abel Tuter","1 - Critical","New","Inquiry / Help","Customer Service Support","","2020-05-06 22:27:33","system"
"INC0010079","2020-04-20 06:56:46","test 1","Tamara Declue","1 - Critical","New","Inquiry / Help","Customer Service Support","","2020-05-06 22:27:33","system"
"INC0010073","2020-04-14 23:51:45","test","Abel Tuter","5 - Planning","New","Inquiry / Help","","","2020-04-14 23:52:11","chahat.trehan"
"INC0010068","2020-04-09 04:01:29","test","Chahat  Trehan","5 - Planning","New","Inquiry / Help","","","2020-04-09 04:09:23","admin"
"INC0010065","2020-04-08 02:18:36","test","Abel Tuter","5 - Planning","New","Inquiry / Help","Database","","2020-04-08 02:18:49","chahat.trehan"
"INC0010063","2020-04-08 02:12:05","test dev abc integration","Fred Luddy","5 - Planning","New","Inquiry / Help","Database","","2020-04-08 02:13:23","chahat.trehan"
"INC0010062","2020-04-08 02:03:51","short description test","Abel Tuter","5 - Planning","New","Inquiry / Help","Database","","2020-04-08 02:04:21","chahat.trehan"
"INC0010061","2020-04-08 01:59:48","TEST DEV ABC","Fred Luddy","5 - Planning","New","Inquiry / Help","Database","","2020-04-08 02:01:34","chahat.trehan"
"INC0010059","2020-04-06 00:57:52","test 1329","System Administrator","5 - Planning","New","Jira Issue","","","2020-04-06 00:59:33","admin"
"INC0010058","2020-04-06 00:56:23","test 1326","System Administrator","5 - Planning","New","Jira Issue","","","2020-04-06 00:56:46","admin"
"INC0010057","2020-04-06 00:53:50","test 1324","System Administrator","3 - Moderate","New","Jira Issue","","","2020-04-06 00:54:31","admin"
"INC0010056","2020-04-06 00:51:19","test 1321","System Administrator","3 - Moderate","New","Jira Issue","","","2020-04-06 00:51:49","admin"
"INC0010055","2020-04-06 00:49:34","test 1319","System Administrator","3 - Moderate","New","Jira Issue","","","2020-04-06 00:49:56","admin"
"INC0010054","2020-04-06 00:43:57","test 1314","System Administrator","5 - Planning","New","Jira Issue","","","2020-04-06 00:44:18","admin"
"INC0010053","2020-04-06 00:40:29","test 1310","System Administrator","3 - Moderate","New","Jira Issue","","","2020-04-06 00:40:49","admin"
"INC0010052","2020-04-06 00:16:12","task 1246 ","System Administrator","3 - Moderate","New","Jira Issue","","","2020-04-06 00:16:36","admin"
"INC0010051","2020-04-06 00:14:40","test 1244","System Administrator","3 - Moderate","New","Jira Issue","","","2020-04-06 00:14:59","admin"
"INC0010049","2020-04-06 00:09:57","test 1240","System Administrator","5 - Planning","New","Jira Issue","","","2020-04-06 00:10:21","admin"
"INC0010048","2020-04-06 00:03:07","test 1233","System Administrator","5 - Planning","New","Jira Issue","","","2020-04-06 00:03:28","admin"
"INC0010047","2020-04-05 23:59:16","Tdts","Kalyan P","5 - Planning","New","Jira Issue","","","2020-04-05 23:59:40","admin"
"INC0010046","2020-04-05 23:55:26","Test","Kalyan P","5 - Planning","In Progress","Jira Issue","ATF_TestGroup_Network","ATF_TestItilUser1 ATF_TestItilUser1","2020-04-05 23:55:56","admin"
"INC0010045","2020-04-05 23:52:39","testing 1222","System Administrator","5 - Planning","New","Jira Issue","","","2020-04-05 23:52:58","admin"
"INC0010043","2020-04-05 23:47:15","test task 1217","System Administrator","5 - Planning","New","Jira Issue","","","2020-04-05 23:47:35","admin"
"INC0010042","2020-04-05 23:44:03","test 1214","Abel Tuter","5 - Planning","New","Jira Issue","","","2020-04-05 23:44:27","admin"
"INC0010040","2020-04-05 23:38:26","test","Kalyan P","5 - Planning","In Progress","Jira Issue","Application Development","Arya Hajarha","2020-04-05 23:39:11","admin"
"INC0010039","2020-04-05 23:34:03","test 1204","Abel Tuter","5 - Planning","New","Jira Issue","","","2020-04-05 23:34:32","admin"
"INC0010038","2020-04-05 22:57:32","test 1127","System Administrator","5 - Planning","New","Jira Issue","","","2020-04-05 22:58:08","admin"
"INC0010037","2020-04-05 22:53:24","test 1123","Abel Tuter","5 - Planning","New","Jira Issue","","","2020-04-05 22:53:41","admin"
"INC0010036","2020-04-05 22:46:49","test 1117","System Administrator","5 - Planning","New","Jira Issue","","","2020-04-05 22:48:02","admin"
"INC0010035","2020-04-05 22:39:05","testing 1109","Abel Tuter","5 - Planning","New","Jira Issue","","","2020-04-05 22:39:51","admin"
"INC0010034","2020-04-05 22:33:59","testing 1104","System Administrator","5 - Planning","New","Jira Issue","","","2020-04-05 22:34:18","admin"
"INC0010033","2020-04-05 22:24:04","testingg 1054","System Administrator","5 - Planning","New","Jira Issue","","","2020-04-05 22:24:44","admin"
"INC0010032","2020-04-05 22:18:14","incident 1048 from snow","Abel Tuter","5 - Planning","New","Inquiry / Help","","","2020-04-05 22:18:48","admin"
"INC0010031","2020-04-03 06:12:16","Testing from pm to snow","","5 - Planning","New","Inquiry / Help","","","2020-04-03 06:12:16","admin"
"INC0010030","2020-04-03 02:48:38","testing snow to jira 1518","Abel Tuter","5 - Planning","New","Inquiry / Help","","","2020-04-03 02:49:04","admin"
"INC0010029","2020-04-02 08:31:06","Test Ka","Kalyan P","5 - Planning","In Progress","Jira Issue","ATF_TestGroup_Network","ATF_TestItilUser1 ATF_TestItilUser1","2020-04-02 08:31:37","admin"
"INC0010027","2020-04-02 06:27:31","testetyyhjjjjjtestetyyhjjjjjtestetyyhjjjjjtestetyyhjjjjjtestetyyhjjjjjtestetyyhjjjjjtestetyyhjjjjj","Kalyan P","5 - Planning","In Progress","Jira Issue","ATF_TestGroup_Network","ATF_TestItilUser1 ATF_TestItilUser1","2020-04-02 06:28:52","admin"
"INC0010026","2020-04-02 04:56:05","testing 1726","Abel Tuter","5 - Planning","New","Inquiry / Help","","","2020-04-02 04:56:41","admin"
"INC0010025","2020-04-02 04:13:25","Test","Kalyan P","5 - Planning","In Progress","Jira Issue","ATF_TestGroup_Network","ATF_TestItilUser1 ATF_TestItilUser1","2020-04-02 04:14:21","admin"
"INC0010024","2020-04-02 04:10:14","Testing","Kalyan P","5 - Planning","In Progress","Jira Issue","ATF_TestGroup_Network","ATF_TestItilUser1 ATF_TestItilUser1","2020-04-02 04:11:24","admin"
"INC0010023","2020-04-02 03:59:49","Test","Kalyan P","5 - Planning","In Progress","Jira Issue","ATF_TestGroup_Network","ATF_TestItilUser1 ATF_TestItilUser1","2020-04-02 04:00:46","admin"
"INC0010022","2020-04-02 03:53:09","Test","Kalyan P","5 - Planning","New","Jira Issue","","","2020-04-02 03:58:58","admin"
"INC0010021","2020-04-02 03:46:59","Test","Kalyan P","5 - Planning","New","Jira Issue","","","2020-04-02 03:47:21","admin"
"INC0010020","2020-04-02 02:50:54","Test","Kalyan P","5 - Planning","New","Inquiry / Help","","","2020-04-02 02:51:27","admin"
"INC0010019","2020-04-02 02:41:23","test 03 from snow","System Administrator","5 - Planning","New","Jira Issue","","","2020-04-02 02:41:52","admin"
"INC0010018","2020-04-02 00:29:43","test 2 snow to jira","System Administrator","5 - Planning","New","Jira Issue","","","2020-04-02 00:30:49","admin"
"INC0010017","2020-04-02 00:19:26","testing from snow ","System Administrator","5 - Planning","New","Jira Issue","","","2020-04-02 00:20:02","admin"
"INC0010009","2020-03-13 02:01:54","testing","System Administrator","5 - Planning","New","Inquiry / Help","","","2020-03-13 02:02:13","admin"
"INC0000011","2020-03-08 11:24:13","Need new Blackberry set up","Don Goodliffe","3 - Moderate","Closed","Inquiry / Help","Hardware","ITIL User","2020-03-24 12:56:31","admin"
"INC0000009","2020-03-08 11:24:13","Reset my password","Rick Berzle","1 - Critical","Closed","Inquiry / Help","Service Desk","David Loo","2020-03-24 13:16:04","admin"
"INC0010008","2020-03-03 23:17:30","test","Abel Tuter","5 - Planning","New","Inquiry / Help","","","2020-03-24 05:41:54","admin"
"INC0400062","2020-03-02 03:49:45","","","5 - Planning","New","Inquiry / Help","","","2020-03-24 05:41:45","admin"
"INC0000004","2020-02-07 14:49:22","Forgot email password","Fred Luddy","1 - Critical","Closed","Inquiry / Help","Service Desk","Bud Richman","2020-03-24 13:16:24","admin"
"INC0000010","2020-02-06 10:24:13","Need Oracle 10GR2 installed","Fred Luddy","4 - Low","Closed","Database","Database","Don Goodliffe","2020-03-24 13:16:35","admin"
"INC0000005","2019-11-07 10:24:13","CPU load high for over 10 minutes","Alejandro Mascall","1 - Critical","Closed","Hardware","Hardware","Bud Richman","2020-03-24 18:01:43","system"
